{"accessibilityPrompt":true,"alwaysOnTop":false,"arch":"x64","asar":false,"blockExternalUrls":false,"bounce":false,"buildDate":1764950855238,"clearCache":false,"counter":false,"darwinDarkModeSupport":false,"disableContextMenu":false,"disableDevTools":false,"disableGpu":false,"disableOldBuildWarning":false,"electronVersionUsed":"25.7.0","enableEs3Apis":false,"fastQuit":false,"fullScreen":false,"height":800,"hideWindowFrame":false,"ignoreCertificate":false,"ignoreGpuBlacklist":false,"insecure":false,"isUpgrade":false,"maximize":false,"name":"MindWord","nativefierVersion":"52.0.0","portable":false,"quiet":false,"showMenuBar":false,"singleInstance":false,"strictInternalUrls":false,"targetUrl":"https://mindword.dpdns.org/app.html","tray":"false","userAgentHonest":false,"width":1280,"widevine":false,"win32metadata":{"ProductName":"MindWord","InternalName":"MindWord","FileDescription":"MindWord"},"zoom":1,"oldBuildWarningText":""}